Epoch,step,rate,loss,acc
1,0,0.001,3.76198,0.0387931034483
1,1024,0.001,3.6375,0.0557471264368
